candidates,variant,cpu,ram,gpu,vram,w,h
ROG Flow X13 (2022),GV301RA-LI004W,AMD Ryzen 9 6900HS,32,AMD Radeon 680M,,29.9,22.2
ROG Flow X13 (2022),GV301RC-LI019W,AMD Ryzen 9 6900HS,32,GeForce RTX 3050,4.0,29.9,22.2
ROG Flow X13 (2022),GV301R-ELI120W,AMD Ryzen 9 6900HS,32,GeForce RTX 3050 Ti,4.0,29.9,22.2
ROG Flow Z13 (2022),GZ301ZA-LD016W,Core i5-12500H,16,Intel Iris X,,30.2,20.4
ROG Flow Z13 (2022),GZ301ZC-LD092W,Core i7-12700H,16,GeForce RTX 3050,4.0,30.2,20.4
ROG Flow Z13 (2022),GZ301ZE-LC175W,Core i9-12900H,16,GeForce RTX 3050 Ti,4.0,30.2,20.4
ROG Flow X13 (2023),GV302XA-X13.R9512,AMD Ryzen 9 7940HS,16,AMD Radeon 780M,,29.9,21.2
ROG Flow X13 (2023),GV302XU-MU011W,AMD Ryzen 9 7940HS,16,GeForce RTX 4050,6.0,29.9,21.2
ROG Flow X13 (2023),GV302XV-MU009W,AMD Ryzen 9 7940HS,16,GeForce RTX 4060,8.0,29.9,21.2
ROG Flow X13 (2023),GV302XI-CS96,AMD Ryzen 9 7940HS,32,GeForce RTX 4070,8.0,29.9,21.2
ROG Flow Z13 (2023),GZ301VF-MU010X,Core i9-13900H,16,GeForce RTX 2050,4.0,30.2,20.6
ROG Flow Z13 (2023),GZ301VU-MU009X,Core i9-13900H,16,GeForce RTX 4050,6.0,30.2,20.6
ROG Flow Z13 (2023),GZ301VV-MU013X,Core i9-13900H,16,GeForce RTX 4060,8.0,30.2,20.6
Razer Blade 14 (2025),Razer Blade 14 (2025),AMD Ryzen AI 9 365,16,GeForce RTX 5060,8.0,31.1,22.4
Razer Blade 14 (2025),Razer Blade 14 (2025),AMD Ryzen AI 9 365,16,GeForce RTX 5070,8.0,31.1,22.4
Razer Blade 14 (2024),Razer Blade 14 (2024),AMD Ryzen 9 8945HS,16,GeForce RTX 4060,8.0,31.1,22.8
Razer Blade 14 (2024),Razer Blade 14 (2024),AMD Ryzen 9 8945HS,16,GeForce RTX 4070,8.0,31.1,22.8
Razer Blade 14 (2023),Razer Blade 14 (2023),AMD Ryzen 9 7940HS,16,GeForce RTX 4060,8.0,31.1,22.8
Razer Blade 14 (2023),Razer Blade 14 (2023),AMD Ryzen 9 7940HS,32,GeForce RTX 4070,8.0,31.1,22.8
Razer Blade 14 (2022),Razer Blade 14 (2022),AMD Ryzen 9 6900HX,16,GeForce RTX 3060,6.0,32.0,22.0
Razer Blade 14 (2022),Razer Blade 14 (2022),AMD Ryzen 9 6900HX,16,GeForce RTX 3070 Ti,8.0,32.0,22.0
Razer Blade 14 (2022),Razer Blade 14 (2022),AMD Ryzen 9 6900HX,16,GeForce RTX 3080 Ti,16.0,32.0,22.0
Razer Blade 14 (2021),Razer Blade 14 (2021),AMD Ryzen 9 5900HX,16,GeForce RTX 3060,6.0,32.0,22.0
Razer Blade 14 (2021),Razer Blade 14 (2021),AMD Ryzen 9 5900HX,16,GeForce RTX 3070,8.0,32.0,22.0
Razer Blade 14 (2021),Razer Blade 14 (2021),AMD Ryzen 9 5900HX,16,GeForce RTX 3080,8.0,32.0,22.0
ROG Zephyrus G14 AW SE,GA401QEC-K2064T,AMD Ryzen 9 5900HS,8,GeForce RTX 3050 Ti,4.0,32.4,22.2
ROG Zephyrus G14 (2023),GA402XY-N2044X,AMD Ryzen 9 7940HS,16 (32),GeForce RTX 4090,16.0,31.2,22.7
ROG Zephyrus G14 (2023),GA402XY-N2045X,AMD Ryzen 9 7940HS,16 (32),GeForce RTX 4090,16.0,31.2,22.7
ROG Zephyrus G14 (2023),GA402XY-N2043X,AMD Ryzen 9 7940HS,16 (32),GeForce RTX 4090,16.0,31.2,22.7
ROG Zephyrus G14 (2023),GA402XY-0004,AMD Ryzen 9 7940HS,16 (32),GeForce RTX 4090,16.0,31.2,22.7
ROG Zephyrus G14 (2023),GA402XY-NC001W,AMD Ryzen 9 7940HS,16 (32),GeForce RTX 4090,16.0,31.2,22.7
ROG Zephyrus G14 (2023),GA402XY-NC042X,AMD Ryzen 9 7940HS,16 (32),GeForce RTX 4090,16.0,31.2,22.7
ROG Zephyrus G14 (2023),GA402XZ-0006,AMD Ryzen 9 7940HS,16 (32),GeForce RTX 4080,12.0,31.2,22.7
ROG Zephyrus G14 (2023),GA402XZ-0007,AMD Ryzen 9 7940HS,16 (32),GeForce RTX 4080,12.0,31.2,22.7
ROG Zephyrus G14 (2023),GA402XZ-0004,AMD Ryzen 9 7940HS,16 (32),GeForce RTX 4080,12.0,31.2,22.7
ROG Zephyrus G14 (2023),GA402XZ-0005,AMD Ryzen 9 7940HS,16 (32),GeForce RTX 4080,12.0,31.2,22.7
ROG Zephyrus G14 (2023),GA402XZ-0001,AMD Ryzen 9 7940HS,16 (32),GeForce RTX 4080,12.0,31.2,22.7
ROG Zephyrus G14 (2023),GA402XZ-0003,AMD Ryzen 9 7940HS,16 (32),GeForce RTX 4080,12.0,31.2,22.7
ROG Zephyrus G14 (2023),GA402XI-0005,AMD Ryzen 9 7940HS,16 (32),GeForce RTX 4070,8.0,31.2,22.7
ROG Zephyrus G14 (2023),GA402XI-0006,AMD Ryzen 9 7940HS,16 (32),GeForce RTX 4070,8.0,31.2,22.7
ROG Zephyrus G14 (2023),GA402XI-0003,AMD Ryzen 9 7940HS,16 (32),GeForce RTX 4070,8.0,31.2,22.7
ROG Zephyrus G14 (2023),GA402XI-0004,AMD Ryzen 9 7940HS,16 (32),GeForce RTX 4070,8.0,31.2,22.7
ROG Zephyrus G14 (2023),GA402XI-0001,AMD Ryzen 9 7940HS,16 (32),GeForce RTX 4070,8.0,31.2,22.7
ROG Zephyrus G14 (2023),GA402XI-0002,AMD Ryzen 9 7940HS,16 (32),GeForce RTX 4070,8.0,31.2,22.7
ROG Zephyrus G14 (2023),GA402XV-0012,AMD Ryzen 9 7940HS,16 (32),GeForce RTX 4060,8.0,31.2,22.7
ROG Zephyrus G14 (2023),GA402XV-0013,AMD Ryzen 9 7940HS,16 (32),GeForce RTX 4060,8.0,31.2,22.7
ROG Zephyrus G14 (2023),GA402XV-0010,AMD Ryzen 9 7940HS,16 (32),GeForce RTX 4060,8.0,31.2,22.7
ROG Zephyrus G14 (2023),GA402XV-0008,AMD Ryzen 9 7940HS,16 (32),GeForce RTX 4060,8.0,31.2,22.7
ROG Zephyrus G14 (2023),GA402XV-NC012,AMD Ryzen 9 7940HS,16 (32),GeForce RTX 4060,8.0,31.2,22.7
ROG Zephyrus G14 (2023),GA402XV-0009,AMD Ryzen 9 7940HS,16 (32),GeForce RTX 4060,8.0,31.2,22.7
ROG Zephyrus G14 (2023),GA402XU-0007,AMD Ryzen 9 7940HS,16 (32),GeForce RTX 4050,6.0,31.2,22.7
ROG Zephyrus G14 (2023),GA402XU-0008,AMD Ryzen 9 7940HS,16 (32),GeForce RTX 4050,6.0,31.2,22.7
ROG Zephyrus G14 (2023),GA402XU-0005,AMD Ryzen 9 7940HS,16 (32),GeForce RTX 4050,6.0,31.2,22.7
ROG Zephyrus G14 (2023),GA402XU-0006,AMD Ryzen 9 7940HS,16 (32),GeForce RTX 4050,6.0,31.2,22.7
ROG Zephyrus G14 (2023),GA402XU-0003,AMD Ryzen 9 7940HS,16 (32),GeForce RTX 4050,6.0,31.2,22.7
ROG Zephyrus G14 (2023),GA402XU-0004,AMD Ryzen 9 7940HS,16 (32),GeForce RTX 4050,6.0,31.2,22.7
ROG Zephyrus G14 (2023),GA402NU-0003,AMD Ryzen 7 7735HS,16 (32),GeForce RTX 4050,6.0,31.2,22.7
ROG Zephyrus G14 (2023),GA402NU-0004,AMD Ryzen 7 7735HS,16 (32),GeForce RTX 4050,6.0,31.2,22.7
ROG Zephyrus G14 (2023),GA402NU-0001,AMD Ryzen 7 7735HS,16 (32),GeForce RTX 4050,6.0,31.2,22.7
ROG Zephyrus G14 (2023),GA402NU-0002,AMD Ryzen 7 7735HS,16 (32),GeForce RTX 4050,6.0,31.2,22.7
ROG Zephyrus G14 (2023),GA402NJ-0003,AMD Ryzen 7 7735HS,8 (24),GeForce RTX 3050,6.0,31.2,22.7
ROG Zephyrus G14 (2023),GA402NJ-0004,AMD Ryzen 7 7735HS,8 (24),GeForce RTX 3050,6.0,31.2,22.7
ROG Zephyrus G14 (2023),GA402NJ-0001,AMD Ryzen 7 7735HS,8 (24),GeForce RTX 3050,6.0,31.2,22.7
ROG Zephyrus G14 (2023),GA402NJ-0002,AMD Ryzen 7 7735HS,8 (24),GeForce RTX 3050,6.0,31.2,22.7
ROG Zephyrus G14 (2023),GA402NI-0003,AMD Ryzen 7 7735HS,16 (32),GeForce RTX 4070,8.0,31.2,22.7
ROG Zephyrus G14 (2023),GA402NI-0004,AMD Ryzen 7 7735HS,16 (32),GeForce RTX 4070,8.0,31.2,22.7
ROG Zephyrus G14 (2023),GA402NI-0001,AMD Ryzen 7 7735HS,16 (32),GeForce RTX 4070,8.0,31.2,22.7
ROG Zephyrus G14 (2023),GA402NI-0002,AMD Ryzen 7 7735HS,16 (32),GeForce RTX 4070,8.0,31.2,22.7
ROG Zephyrus G14 (2023),GA402NV-0004,AMD Ryzen 7 7735HS,16 (32),GeForce RTX 4060,8.0,31.2,22.7
ROG Zephyrus G14 (2023),GA402NV-0005,AMD Ryzen 7 7735HS,16 (32),GeForce RTX 4060,8.0,31.2,22.7
ROG Zephyrus G14 (2023),GA402NV-0003,AMD Ryzen 7 7735HS,16 (32),GeForce RTX 4060,8.0,31.2,22.7
ROG Zephyrus G14 (2023),GA402NV-0001,AMD Ryzen 7 7735HS,16 (32),GeForce RTX 4060,8.0,31.2,22.7
ROG Zephyrus G14 (2021),GA401QM-HZ059T,AMD Ryzen 7 5800HS,8 (24),GeForce RTX 3060,6.0,32.4,22.2
ROG Zephyrus G14 (2021),GA401QE-HZ053T,AMD Ryzen 7 5800HS,8 (24),GeForce RTX 3050 Ti,4.0,32.4,22.2
ROG Zephyrus G14 (2021),GA401QE-K2202T,AMD Ryzen 7 5800HS,16 (32),GeForce RTX 3050 Ti,4.0,32.4,22.2
ROG Zephyrus G14 (2021),GA401QC-HZ028T,AMD Ryzen 7 5800HS,8 (24),GeForce RTX 3050,4.0,32.4,22.2
ROG Zephyrus G14 (2021),GA401QC-HZ139T,AMD Ryzen 7 5800HS,16 (32),GeForce RTX 3050,4.0,32.4,22.2
ROG Zephyrus G14 (2021),GA401QH-HZ031TS,AMD Ryzen 7 5800HS,8 (24),GeForce RTX 1650,4.0,32.4,22.2
ROG Zephyrus G14 (2020),GA401IU-017T,AMD Ryzen 7 4800HS,8 (24),GeForce GTX 1660Ti,6.0,32.4,22.2
ROG Zephyrus G14 (2020),GA401IU-HE021T,AMD Ryzen 7 4800HS,8 (24),GeForce GTX 1660Ti,6.0,32.4,22.2
ROG Zephyrus G14 (2020),GA401IU-HE017,AMD Ryzen 7 4800HS,8 (24),GeForce GTX 1660Ti,6.0,32.4,22.2
ROG Zephyrus G14 (2020),GA401IU-HE017,AMD Ryzen 7 4800HS,8 (24),GeForce GTX 1660Ti,6.0,32.4,22.2
ROG Zephyrus G14 (2020),GA401IU-HE017T,AMD Ryzen 7 4800HS,8 (24),GeForce GTX 1660Ti,6.0,32.4,22.2
ROG Zephyrus G14 (2020),GA401IU-HE047,AMD Ryzen 9 4900HS,8 (24),GeForce GTX 1660Ti,6.0,32.4,22.2
ROG Zephyrus G14 (2020),GA401IU-BM073T,AMD Ryzen 7 4800HS,8 (24),GeForce GTX 1660Ti,6.0,32.4,22.2
ROG Zephyrus G14 (2020),GA401IU-HE017,AMD Ryzen 7 4800HS,8 (24),GeForce GTX 1660Ti,6.0,32.4,22.2
ROG Zephyrus G14 (2020),GA401IU-HE017T,AMD Ryzen 7 4800HS,8 (24),GeForce GTX 1660Ti,6.0,32.4,22.2
ROG Zephyrus G14 (2020),GA401IU-HE021T,AMD Ryzen 7 4800HS,8 (24),GeForce GTX 1660Ti,6.0,32.4,22.2
ROG Zephyrus G14 (2020),GA401IU-HE021T,AMD Ryzen 7 4800HS,8 (24),GeForce GTX 1660Ti,6.0,32.4,22.2
ROG Zephyrus G14 (2020),GA401IU-040T,AMD Ryzen 7 4800HS,8 (24),GeForce GTX 1660Ti,6.0,32.4,22.2
ROG Zephyrus G14 (2020),GA401IU-HE017T,AMD Ryzen 7 4800HS,8 (24),GeForce GTX 1660Ti,6.0,32.4,22.2
ROG Zephyrus G14 (2020),GA401IU-HE047T,AMD Ryzen 9 4900HS,8 (24),GeForce GTX 1660Ti,6.0,32.4,22.2
ROG Zephyrus G14 (2020),GA401IU-0161D4800HS,AMD Ryzen 7 4800HS,8 (24),GeForce GTX 1660Ti,6.0,32.4,22.2
ROG Zephyrus G14 (2020),GA401IU-R9G1660TWQ,AMD Ryzen 9 4900HS,8 (24),GeForce GTX 1660Ti,6.0,32.4,22.2
ROG Zephyrus G14 (2020),GA401IU-HE017R,AMD Ryzen 7 4800HS,8 (24),GeForce GTX 1660Ti,6.0,32.4,22.2
ROG Zephyrus G14 (2020),GA401IU-HE017T,AMD Ryzen 7 4800HS,8 (24),GeForce GTX 1660Ti,6.0,32.4,22.2
ROG Zephyrus G14 (2020),GA401IU-153T,AMD Ryzen 9 4900HS,8 (24),GeForce GTX 1660Ti,6.0,32.4,22.2
ROG Zephyrus G14 (2020),GA401IU-HE421C,AMD Ryzen 7 4800HS,8 (24),GeForce GTX 1660Ti,6.0,32.4,22.2
ROG Zephyrus G14 (2020),GA401IU-HE163T,AMD Ryzen 7 4800HS,8 (24),GeForce GTX 1660Ti,6.0,32.4,22.2
ROG Zephyrus G14 (2020),GA401IU-HE017T,AMD Ryzen 7 4800HS,8 (24),GeForce GTX 1660Ti,6.0,32.4,22.2
ROG Zephyrus G14 (2020),GA401IU-HA031T,AMD Ryzen 7 4800HS,8 (24),GeForce GTX 1660Ti,6.0,32.4,22.2
ROG Zephyrus G14 (2020),GA401IU-BM201T,AMD Ryzen 9 4900HS,8 (24),GeForce GTX 1660Ti,6.0,32.4,22.2
ROG Zephyrus G14 (2020),GA401IU-HA031R,AMD Ryzen 7 4800HS,8 (24),GeForce GTX 1660Ti,6.0,32.4,22.2
ROG Zephyrus G14 (2020),GA401IU-BM217T,AMD Ryzen 9 4900HS,8 (24),GeForce GTX 1660Ti,6.0,32.4,22.2
ROG Zephyrus G14 (2020),GA401IU-HE001,AMD Ryzen 7 4800HS,8 (24),GeForce GTX 1660Ti,6.0,32.4,22.2
ROG Zephyrus G14 (2020),GA401IU-R7AT6PB1,AMD Ryzen 7 4800HS,8 (24),GeForce GTX 1660Ti,6.0,32.4,22.2
ROG Zephyrus G14 (2020),GA401IU-HE014,AMD Ryzen 9 4900HS,8 (24),GeForce GTX 1660Ti,6.0,32.4,22.2
ROG Zephyrus G14 (2020),GA401IU-001T,AMD Ryzen 7 4800HS,8 (24),GeForce GTX 1660Ti,6.0,32.4,22.2
ROG Zephyrus G14 (2020),GA401IU-HE001T,AMD Ryzen 7 4800HS,8 (24),GeForce GTX 1660Ti,6.0,32.4,22.2
ROG Zephyrus G14 (2020),GA401IU-HE001T,AMD Ryzen 7 4800HS,8 (24),GeForce GTX 1660Ti,6.0,32.4,22.2
ROG Zephyrus G14 (2020),GA401IU-HE045T,AMD Ryzen 9 4900HS,8 (24),GeForce GTX 1660Ti,6.0,32.4,22.2
ROG Zephyrus G14 (2020),GA401IU-HE002T,AMD Ryzen 7 4800HS,8 (24),GeForce GTX 1660Ti,6.0,32.4,22.2
ROG Zephyrus G14 (2020),GA401IU-HE001T,AMD Ryzen 7 4800HS,8 (24),GeForce GTX 1660Ti,6.0,32.4,22.2
ROG Zephyrus G14 (2020),GA401IU-HE050,AMD Ryzen 7 4800HS,8 (24),GeForce GTX 1660Ti,6.0,32.4,22.2
ROG Zephyrus G14 (2020),GA401IU-HA006T,AMD Ryzen 7 4800HS,8 (24),GeForce GTX 1660Ti,6.0,32.4,22.2
ROG Zephyrus G14 (2020),GA401IU-HE001,AMD Ryzen 7 4800HS,8 (24),GeForce GTX 1660Ti,6.0,32.4,22.2
ROG Zephyrus G14 (2020),GA401IU-HE001T,AMD Ryzen 7 4800HS,8 (24),GeForce GTX 1660Ti,6.0,32.4,22.2
ROG Zephyrus G14 (2020),GA401IU-HE001T,AMD Ryzen 7 4800HS,8 (24),GeForce GTX 1660Ti,6.0,32.4,22.2
ROG Zephyrus G14 (2020),GA401IU-HE048T,AMD Ryzen 9 4900HS,8 (24),GeForce GTX 1660Ti,6.0,32.4,22.2
ROG Zephyrus G14 (2020),GA401IU-0006,AMD Ryzen 7 4800HS,8 (24),GeForce GTX 1660Ti,6.0,32.4,22.2
ROG Zephyrus G14 (2020),GA401IU-HE079T,AMD Ryzen 7 4800HS,8 (24),GeForce GTX 1660Ti,6.0,32.4,22.2
ROG Zephyrus G14 (2020),GA401IU-0051E4800HS,AMD Ryzen 7 4800HS,8 (24),GeForce GTX 1660Ti,6.0,32.4,22.2
ROG Zephyrus G14 (2020),GA401IU-HE002,AMD Ryzen 7 4800HS,8 (24),GeForce GTX 1660Ti,6.0,32.4,22.2
ROG Zephyrus G14 (2020),GA401IU-HE001,AMD Ryzen 7 4800HS,8 (24),GeForce GTX 1660Ti,6.0,32.4,22.2
ROG Zephyrus G14 (2020),GA401IU-HE011T,AMD Ryzen 7 4800HS,8 (24),GeForce GTX 1660Ti,6.0,32.4,22.2
ROG Zephyrus G14 (2020),GA401IU-BS76,AMD Ryzen 7 4800HS,8 (24),GeForce GTX 1660Ti,6.0,32.4,22.2
ROG Zephyrus G14 (2020),GA401IU-HE161T,AMD Ryzen 7 4800HS,8 (24),GeForce GTX 1660Ti,6.0,32.4,22.2
ROG Zephyrus G14 (2020),GA401IU-HE162T,AMD Ryzen 7 4800HS,8 (24),GeForce GTX 1660Ti,6.0,32.4,22.2
ROG Zephyrus G14 (2020),GA401IU-HA075T,AMD Ryzen 7 4800HS,8 (24),GeForce GTX 1660Ti,6.0,32.4,22.2
ROG Zephyrus G14 (2020),GA401IU-HA032T,AMD Ryzen 7 4800HS,8 (24),GeForce GTX 1660Ti,6.0,32.4,22.2
ROG Zephyrus G14 (2020),GA401IU-HE025R,AMD Ryzen 7 4800HS,8 (24),GeForce GTX 1660Ti,6.0,32.4,22.2
ROG Zephyrus G14 (2020),GA401IU-0008,AMD Ryzen 7 4800HS,8 (24),GeForce GTX 1660Ti,6.0,32.4,22.2
ROG Zephyrus G14 (2020),GA401IU-HE002,AMD Ryzen 7 4800HS,8 (24),GeForce GTX 1660Ti,6.0,32.4,22.2
ROG Zephyrus G14 (2020),GA401IU-HE004,AMD Ryzen 9 4900HS,16 (32),GeForce GTX 1660Ti,6.0,32.4,22.2
ROG Zephyrus G14 (2020),GA401IU-HA032R,AMD Ryzen 7 4800HS,8 (24),GeForce GTX 1660Ti,6.0,32.4,22.2
ROG Zephyrus G14 (2020),GA401IU-HE048,AMD Ryzen 9 4900HS,8 (24),GeForce GTX 1660Ti,6.0,32.4,22.2
ROG Zephyrus G14 (2020),GA401IU-HE212,AMD Ryzen 9 4900HS,8 (24),GeForce GTX 1660Ti,6.0,32.4,22.2
ROG Zephyrus G14 (2020),GA401IU-R7AT6CB1,AMD Ryzen 7 4800HS,8 (24),GeForce GTX 1660Ti,6.0,32.4,22.2
ROG Zephyrus G14 (2020),GA401IU-R7BT6CS1,AMD Ryzen 7 4800HS,8 (24),GeForce GTX 1660Ti,6.0,32.4,22.2
ROG Zephyrus G14 (2020),GA401IU-HE094T,AMD Ryzen 7 4800HS,8 (24),GeForce GTX 1660Ti,6.0,32.4,22.2
ROG Zephyrus G14 (2020),GA401IU-R7G1660TWL,AMD Ryzen 7 4800HS,8 (24),GeForce GTX 1660Ti,6.0,32.4,22.2
ROG Zephyrus G14 (2020),GA401IU-HE094T,AMD Ryzen 7 4800HS,8 (24),GeForce GTX 1660Ti,6.0,32.4,22.2
ROG Zephyrus G14 (2020),GA401IU-HE094T,AMD Ryzen 7 4800HS,8 (24),GeForce GTX 1660Ti,6.0,32.4,22.2
ROG Zephyrus G14 (2020),GA401IU-HE116T,AMD Ryzen 7 4800HS,8 (24),GeForce GTX 1660Ti,6.0,32.4,22.2
ROG Zephyrus G14 (2020),GA401IU-HE119T,AMD Ryzen 9 4900HS,16 (32),GeForce GTX 1660Ti,6.0,32.4,22.2
ROG Zephyrus G14 (2020),GA401IV-HE015,AMD Ryzen 9 4900HS,16 (32),GeForce RTX 2060,6.0,32.4,22.2
ROG Zephyrus G14 (2020),GA401IV-022T,AMD Ryzen 7 4800HS,8 (24),GeForce RTX 2060,6.0,32.4,22.2
ROG Zephyrus G14 (2020),GA401IV-011T,AMD Ryzen 9 4900HS,8 (24),GeForce RTX 2060,6.0,32.4,22.2
ROG Zephyrus G14 (2020),GA401IV-HE004,AMD Ryzen 7 4800HS,8 (24),GeForce RTX 2060,6.0,32.4,22.2
ROG Zephyrus G14 (2020),GA401IV-HA037T,AMD Ryzen 9 4900HS,8 (24),GeForce RTX 2060,6.0,32.4,22.2
ROG Zephyrus G14 (2020),GA401IV-HA037T,AMD Ryzen 9 4900HS,8 (24),GeForce RTX 2060,6.0,32.4,22.2
ROG Zephyrus G14 (2020),GA401IV-HE022T,AMD Ryzen 7 4800HS,8 (24),GeForce RTX 2060,6.0,32.4,22.2
ROG Zephyrus G14 (2020),GA401IV-HE004T,AMD Ryzen 7 4800HS,8 (24),GeForce RTX 2060,6.0,32.4,22.2
ROG Zephyrus G14 (2020),GA401IV-HE013T,AMD Ryzen 9 4900HS,16 (32),GeForce RTX 2060,6.0,32.4,22.2
ROG Zephyrus G14 (2020),GA401IV-HA037T,AMD Ryzen 9 4900HS,8 (24),GeForce RTX 2060,6.0,32.4,22.2
ROG Zephyrus G14 (2020),GA401IV-HA037T,AMD Ryzen 9 4900HS,8 (24),GeForce RTX 2060,6.0,32.4,22.2
ROG Zephyrus G14 (2020),GA401IV-HE022,AMD Ryzen 7 4800HS,8 (24),GeForce RTX 2060,6.0,32.4,22.2
ROG Zephyrus G14 (2020),GA401IV-HE004,AMD Ryzen 7 4800HS,8 (24),GeForce RTX 2060,6.0,32.4,22.2
ROG Zephyrus G14 (2020),GA401IV-91610WT,AMD Ryzen 9 4900HS,8 (24),GeForce RTX 2060,6.0,32.4,22.2
ROG Zephyrus G14 (2020),GA401IV-HA037T,AMD Ryzen 9 4900HS,8 (24),GeForce RTX 2060,6.0,32.4,22.2
ROG Zephyrus G14 (2020),GA401IV-HA037,AMD Ryzen 9 4900HS,8 (24),GeForce RTX 2060,6.0,32.4,22.2
ROG Zephyrus G14 (2020),GA401IV-037T,AMD Ryzen 9 4900HS,8 (24),GeForce RTX 2060,6.0,32.4,22.2
ROG Zephyrus G14 (2020),GA401IV-BR9N6,AMD Ryzen 9 4900HS,8 (24),GeForce RTX 2060,6.0,32.4,22.2
ROG Zephyrus G14 (2020),GA401IV-0003,AMD Ryzen 7 4800HS,8 (24),GeForce RTX 2060,6.0,32.4,22.2
ROG Zephyrus G14 (2020),GA401IV-HA037T,AMD Ryzen 9 4900HS,8 (24),GeForce RTX 2060,6.0,32.4,22.2
ROG Zephyrus G14 (2020),GA401IV-068T,AMD Ryzen 9 4900HS,8 (24),GeForce RTX 2060,6.0,32.4,22.2
ROG Zephyrus G14 (2020),GA401IV-099T,AMD Ryzen 7 4800HS,8 (24),GeForce RTX 2060,6.0,32.4,22.2
ROG Zephyrus G14 (2020),GA401IV-HA037,AMD Ryzen 9 4900HS,8 (24),GeForce RTX 2060,6.0,32.4,22.2
ROG Zephyrus G14 (2020),GA401IV-HA108T,AMD Ryzen 9 4900HS,8 (24),GeForce RTX 2060,6.0,32.4,22.2
ROG Zephyrus G14 (2020),GA401IV-HA037T,AMD Ryzen 9 4900HS,8 (24),GeForce RTX 2060,6.0,32.4,22.2
ROG Zephyrus G14 (2020),GA401IV-HE117T,AMD Ryzen 7 4800HS,8 (24),GeForce RTX 2060,6.0,32.4,22.2
ROG Zephyrus G14 (2020),GA401IV-R9R2060QW,AMD Ryzen 9 4900HS,8 (24),GeForce RTX 2060,6.0,32.4,22.2
ROG Zephyrus G14 (2020),GA401IV-HA087T,AMD Ryzen 9 4900HS,8 (24),GeForce RTX 2060,6.0,32.4,22.2
ROG Zephyrus G14 (2020),GA401IV-HA139T,AMD Ryzen 9 4900HS,8 (24),GeForce RTX 2060,6.0,32.4,22.2
ROG Zephyrus G14 (2020),GA401IV-HA037T,AMD Ryzen 9 4900HS,8 (24),GeForce RTX 2060,6.0,32.4,22.2
ROG Zephyrus G14 (2020),GA401IV-HE022,AMD Ryzen 7 4800HS,8 (24),GeForce RTX 2060,6.0,32.4,22.2
ROG Zephyrus G14 (2020),GA401IV-HA037T,AMD Ryzen 9 4900HS,8 (24),GeForce RTX 2060,6.0,32.4,22.2
ROG Zephyrus G14 (2020),GA401IV-HA108T,AMD Ryzen 9 4900HS,8 (24),GeForce RTX 2060,6.0,32.4,22.2
ROG Zephyrus G14 (2020),GA401IV-HA037T,AMD Ryzen 9 4900HS,8 (24),GeForce RTX 2060,6.0,32.4,22.2
ROG Zephyrus G14 (2020),GA401IV-HA108TS,AMD Ryzen 9 4900HS,8 (24),GeForce RTX 2060,6.0,32.4,22.2
ROG Zephyrus G14 (2020),GA401IV-HA037T,AMD Ryzen 9 4900HS,8 (24),GeForce RTX 2060,6.0,32.4,22.2
ROG Zephyrus G14 (2020),GA401IV-HA037T,AMD Ryzen 9 4900HS,8 (24),GeForce RTX 2060,6.0,32.4,22.2
ROG Zephyrus G14 (2020),GA401IV-HA108T,AMD Ryzen 9 4900HS,8 (24),GeForce RTX 2060,6.0,32.4,22.2
ROG Zephyrus G14 (2020),GA401IV-HE218T,AMD Ryzen 9 4900HS,8 (24),GeForce RTX 2060,6.0,32.4,22.2
ROG Zephyrus G14 (2020),GA401IV-HA108T,AMD Ryzen 9 4900HS,8 (24),GeForce RTX 2060,6.0,32.4,22.2
ROG Zephyrus G14 (2020),GA401IV-91610WR,AMD Ryzen 9 4900HS,8 (24),GeForce RTX 2060,6.0,32.4,22.2
ROG Zephyrus G14 (2020),GA401IV-R9R2060W,AMD Ryzen 9 4900HS,8 (24),GeForce RTX 2060,6.0,32.4,22.2
ROG Zephyrus G14 (2020),GA401IV-0014,AMD Ryzen 7 4800HS,8 (24),GeForce RTX 2060,6.0,32.4,22.2
ROG Zephyrus G14 (2020),GA401IV-HE004R,AMD Ryzen 7 4800HS,8 (24),GeForce RTX 2060,6.0,32.4,22.2
ROG Zephyrus G14 (2020),GA401IV-HA035R,AMD Ryzen 9 4900HS,16 (32),GeForce RTX 2060,6.0,32.4,22.2
ROG Zephyrus G14 (2020),GA401IV-HA037,AMD Ryzen 9 4900HS,8 (24),GeForce RTX 2060,6.0,32.4,22.2
ROG Zephyrus G14 (2020),GA401IV-HE013T,AMD Ryzen 9 4900HS,16 (32),GeForce RTX 2060,6.0,32.4,22.2
ROG Zephyrus G14 (2020),GA401IV-HA066T,AMD Ryzen 7 4800HS,8 (24),GeForce RTX 2060,6.0,32.4,22.2
ROG Zephyrus G14 (2020),GA401IV-HE002,AMD Ryzen 7 4800HS,8 (24),GeForce RTX 2060,6.0,32.4,22.2
ROG Zephyrus G14 (2020),GA401IV-HE017,AMD Ryzen 9 4900HS,16 (32),GeForce RTX 2060,6.0,32.4,22.2
ROG Zephyrus G14 (2020),GA401IV-002T,AMD Ryzen 7 4800HS,8 (24),GeForce RTX 2060,6.0,32.4,22.2
ROG Zephyrus G14 (2020),GA401IV-010T,AMD Ryzen 9 4900HS,8 (24),GeForce RTX 2060,6.0,32.4,22.2
ROG Zephyrus G14 (2020),GA401IV-HA026T,AMD Ryzen 7 4800HS,8 (24),GeForce RTX 2060,6.0,32.4,22.2
ROG Zephyrus G14 (2020),GA401IV-HA027T,AMD Ryzen 9 4900HS,16 (32),GeForce RTX 2060,6.0,32.4,22.2
ROG Zephyrus G14 (2020),GA401IV-HA033T,AMD Ryzen 9 4900HS,8 (24),GeForce RTX 2060,6.0,32.4,22.2
ROG Zephyrus G14 (2020),GA401IV-HE003T,AMD Ryzen 7 4800HS,8 (24),GeForce RTX 2060,6.0,32.4,22.2
ROG Zephyrus G14 (2020),GA401IV-HA052T,AMD Ryzen 9 4900HS,8 (24),GeForce RTX 2060,6.0,32.4,22.2
ROG Zephyrus G14 (2020),GA401IV-HA033T,AMD Ryzen 9 4900HS,8 (24),GeForce RTX 2060,6.0,32.4,22.2
ROG Zephyrus G14 (2020),GA401IV-HE002T,AMD Ryzen 7 4800HS,8 (24),GeForce RTX 2060,6.0,32.4,22.2
ROG Zephyrus G14 (2020),GA401IV-HE003T,AMD Ryzen 7 4800HS,8 (24),GeForce RTX 2060,6.0,32.4,22.2
ROG Zephyrus G14 (2020),GA401IV-HA033T,AMD Ryzen 9 4900HS,8 (24),GeForce RTX 2060,6.0,32.4,22.2
ROG Zephyrus G14 (2020),GA401IV-HE003,AMD Ryzen 7 4800HS,8 (24),GeForce RTX 2060,6.0,32.4,22.2
ROG Zephyrus G14 (2020),GA401IV-HA033,AMD Ryzen 9 4900HS,8 (24),GeForce RTX 2060,6.0,32.4,22.2
ROG Zephyrus G14 (2020),GA401II-025T,AMD Ryzen 5 4600HS,8 (24),GeForce GTX 1650 Ti,4.0,32.4,22.2
ROG Zephyrus G14 (2020),GA401II-BM026T,AMD Ryzen 5 4600HS,8 (24),GeForce GTX 1650 Ti,4.0,32.4,22.2
ROG Zephyrus G14 (2020),GA401II-HE037T,AMD Ryzen 7 4800HS,8 (24),GeForce GTX 1650 Ti,4.0,32.4,22.2
ROG Zephyrus G14 (2020),GA401II-HE046T,AMD Ryzen 7 4800HS,8 (24),GeForce GTX 1650 Ti,4.0,32.4,22.2
ROG Zephyrus G14 (2020),GA401II-HE046T,AMD Ryzen 7 4800HS,8 (24),GeForce GTX 1650 Ti,4.0,32.4,22.2
ROG Zephyrus G14 (2020),GA401II-HE059T,AMD Ryzen 7 4800HS,8 (24),GeForce GTX 1650 Ti,4.0,32.4,22.2
ROG Zephyrus G14 (2020),GA401II-HE008T,AMD Ryzen 5 4600HS,8 (24),GeForce GTX 1650 Ti,4.0,32.4,22.2
ROG Zephyrus G14 (2020),GA401II-HE007,AMD Ryzen 7 4800HS,8 (24),GeForce GTX 1650 Ti,4.0,32.4,22.2
ROG Zephyrus G14 (2020),GA401II-HE046T,AMD Ryzen 7 4800HS,8 (24),GeForce GTX 1650 Ti,4.0,32.4,22.2
ROG Zephyrus G14 (2020),GA401II-HE008,AMD Ryzen 5 4600HS,8 (24),GeForce GTX 1650 Ti,4.0,32.4,22.2
ROG Zephyrus G14 (2020),GA401II-HE008T,AMD Ryzen 5 4600HS,8 (24),GeForce GTX 1650 Ti,4.0,32.4,22.2
ROG Zephyrus G14 (2020),GA401II-HE046,AMD Ryzen 7 4800HS,8 (24),GeForce GTX 1650 Ti,4.0,32.4,22.2
ROG Zephyrus G14 (2020),GA401II-HE046T,AMD Ryzen 7 4800HS,8 (24),GeForce GTX 1650 Ti,4.0,32.4,22.2
ROG Zephyrus G14 (2020),GA401II-HE046T,AMD Ryzen 7 4800HS,8 (24),GeForce GTX 1650 Ti,4.0,32.4,22.2
ROG Zephyrus G14 (2020),GA401II-HE046T,AMD Ryzen 7 4800HS,8 (24),GeForce GTX 1650 Ti,4.0,32.4,22.2
ROG Zephyrus G14 (2020),GA401II-HE008,AMD Ryzen 5 4600HS,8 (24),GeForce GTX 1650 Ti,4.0,32.4,22.2
ROG Zephyrus G14 (2020),GA401II-HE046,AMD Ryzen 7 4800HS,8 (24),GeForce GTX 1650 Ti,4.0,32.4,22.2
ROG Zephyrus G14 (2020),GA401II-042T,AMD Ryzen 7 4800HS,8 (24),GeForce GTX 1650 Ti,4.0,32.4,22.2
ROG Zephyrus G14 (2020),GA401II-HE046T,AMD Ryzen 7 4800HS,8 (24),GeForce GTX 1650 Ti,4.0,32.4,22.2
ROG Zephyrus G14 (2020),GA401II-HE083T,AMD Ryzen 7 4800HS,8 (24),GeForce GTX 1650 Ti,4.0,32.4,22.2
ROG Zephyrus G14 (2020),GA401II-HE090T,AMD Ryzen 7 4800HS,8 (24),GeForce GTX 1650 Ti,4.0,32.4,22.2
ROG Zephyrus G14 (2020),GA401II-0051D4800HS,AMD Ryzen 7 4800HS,8 (24),GeForce GTX 1650 Ti,4.0,32.4,22.2
ROG Zephyrus G14 (2020),GA401II-BM129TS,AMD Ryzen 5 4600HS,8 (24),GeForce GTX 1650 Ti,4.0,32.4,22.2
ROG Zephyrus G14 (2020),GA401II-HE046T,AMD Ryzen 7 4800HS,8 (24),GeForce GTX 1650 Ti,4.0,32.4,22.2
ROG Zephyrus G14 (2020),GA401II-BM035T,AMD Ryzen 5 4600HS,8 (24),GeForce GTX 1650 Ti,4.0,32.4,22.2
ROG Zephyrus G14 (2020),GA401II-HE008T,AMD Ryzen 5 4600HS,8 (24),GeForce GTX 1650 Ti,4.0,32.4,22.2
ROG Zephyrus G14 (2020),GA401II-HE008T,AMD Ryzen 5 4600HS,8 (24),GeForce GTX 1650 Ti,4.0,32.4,22.2
ROG Zephyrus G14 (2020),GA401II-HE152T,AMD Ryzen 7 4800HS,8 (24),GeForce GTX 1650 Ti,4.0,32.4,22.2
ROG Zephyrus G14 (2020),GA401II-BM130T,AMD Ryzen 7 4800HS,8 (24),GeForce GTX 1650 Ti,4.0,32.4,22.2
ROG Zephyrus G14 (2020),GA401II-R55TA8W,AMD Ryzen 5 4600HS,8 (24),GeForce GTX 1650 Ti,4.0,32.4,22.2
ROG Zephyrus G14 (2020),GA401II-HE046R,AMD Ryzen 7 4800HS,8 (24),GeForce GTX 1650 Ti,4.0,32.4,22.2
ROG Zephyrus G14 (2020),GA401II-HE025T,AMD Ryzen 5 4600HS,8 (24),GeForce GTX 1650 Ti,4.0,32.4,22.2
ROG Zephyrus G14 (2020),GA401II-035T,AMD Ryzen 5 4600HS,8 (24),GeForce GTX 1650 Ti,4.0,32.4,22.2
ROG Zephyrus G14 (2020),GA401II-HE025T,AMD Ryzen 5 4600HS,8 (24),GeForce GTX 1650 Ti,4.0,32.4,22.2
ROG Zephyrus G14 (2020),GA401II-HE090T,AMD Ryzen 7 4800HS,8 (24),GeForce GTX 1650 Ti,4.0,32.4,22.2
ROG Zephyrus G14 (2020),GA401II-HE014T,AMD Ryzen 7 4800HS,8 (24),GeForce GTX 1650 Ti,4.0,32.4,22.2
ROG Zephyrus G14 (2020),GA401II-HE091T,AMD Ryzen 7 4800HS,8 (24),GeForce GTX 1650 Ti,4.0,32.4,22.2
ROG Zephyrus G14 (2020),GA401II-HE020,AMD Ryzen 7 4800HS,8 (24),GeForce GTX 1650 Ti,4.0,32.4,22.2
ROG Zephyrus G14 (2020),GA401II-BM027T,AMD Ryzen 5 4600HS,8 (24),GeForce GTX 1650 Ti,4.0,32.4,22.2
ROG Zephyrus G14 (2020),GA401II-HE038T,AMD Ryzen 7 4800HS,8 (24),GeForce GTX 1650 Ti,4.0,32.4,22.2
ROG Zephyrus G14 (2020),GA401II-HE003T,AMD Ryzen 7 4800HS,8 (24),GeForce GTX 1650 Ti,4.0,32.4,22.2
ROG Zephyrus G14 (2020),GA401II-HE048T,AMD Ryzen 5 4600HS,8 (24),GeForce GTX 1650 Ti,4.0,32.4,22.2
ROG Zephyrus G14 (2020),GA401II-HE003T,AMD Ryzen 7 4800HS,8 (24),GeForce GTX 1650 Ti,4.0,32.4,22.2
ROG Zephyrus G14 (2020),GA401II-HE003,AMD Ryzen 7 4800HS,8 (24),GeForce GTX 1650 Ti,4.0,32.4,22.2
ROG Zephyrus G14 (2020),GA401II-BM027,AMD Ryzen 5 4600HS,8 (24),GeForce GTX 1650 Ti,4.0,32.4,22.2
ROG Zephyrus G14 (2020),GA401I-IHE051T,AMD Ryzen 7 4800HS,8 (24),GeForce GTX 1650 Ti,4.0,32.4,22.2
ROG Zephyrus G14 (2020),GA401II-HE058T,AMD Ryzen 7 4800HS,8 (24),GeForce GTX 1650 Ti,4.0,32.4,22.2
ROG Zephyrus G14 (2020),GA401II-HE048T,AMD Ryzen 5 4600HS,8 (24),GeForce GTX 1650 Ti,4.0,32.4,22.2
ROG Zephyrus G14 (2020),GA401II-HE003T,AMD Ryzen 7 4800HS,8 (24),GeForce GTX 1650 Ti,4.0,32.4,22.2
ROG Zephyrus G14 (2020),GA401II-HE048,AMD Ryzen 5 4600HS,8 (24),GeForce GTX 1650 Ti,4.0,32.4,22.2
ROG Zephyrus G14 (2020),GA401II-HE048T,AMD Ryzen 5 4600HS,8 (24),GeForce GTX 1650 Ti,4.0,32.4,22.2
ROG Zephyrus G14 (2020),GA401II-HE003,AMD Ryzen 7 4800HS,8 (24),GeForce GTX 1650 Ti,4.0,32.4,22.2
ROG Zephyrus G14 (2020),GA401II-HE003T,AMD Ryzen 7 4800HS,8 (24),GeForce GTX 1650 Ti,4.0,32.4,22.2
ROG Zephyrus G14 (2020),GA401II-HE003,AMD Ryzen 7 4800HS,8 (24),GeForce GTX 1650 Ti,4.0,32.4,22.2
ROG Zephyrus G14 (2020),GA401II-HE067,AMD Ryzen 7 4800HS,16 (32),GeForce GTX 1650 Ti,4.0,32.4,22.2
ROG Zephyrus G14 (2020),GA401II-HE003T,AMD Ryzen 7 4800HS,8 (24),GeForce GTX 1650 Ti,4.0,32.4,22.2
ROG Zephyrus G14 (2020),GA401II-BM027T,AMD Ryzen 5 4600HS,8 (24),GeForce GTX 1650 Ti,4.0,32.4,22.2
ROG Zephyrus G14 (2020),GA401II-HE082T,AMD Ryzen 7 4800HS,8 (24),GeForce GTX 1650 Ti,4.0,32.4,22.2
ROG Zephyrus G14 (2020),GA401II-HE084T,AMD Ryzen 7 4800HS,8 (24),GeForce GTX 1650 Ti,4.0,32.4,22.2
ROG Zephyrus G14 (2020),GA401II-HE018T,AMD Ryzen 7 4800HS,8 (24),GeForce GTX 1650 Ti,4.0,32.4,22.2
ROG Zephyrus G14 (2020),GA401II-HE043T,AMD Ryzen 7 4800HS,8 (24),GeForce GTX 1650 Ti,4.0,32.4,22.2
ROG Zephyrus G14 (2020),GA401II-HE003T,AMD Ryzen 7 4800HS,8 (24),GeForce GTX 1650 Ti,4.0,32.4,22.2
ROG Zephyrus G14 (2020),GA401II-HE009,AMD Ryzen 5 4600HS,8 (24),GeForce GTX 1650 Ti,4.0,32.4,22.2
ROG Zephyrus G14 (2020),GA401IH-007T,AMD Ryzen 7 4800HS,8 (24),GeForce GTX 1650,4.0,32.4,22.2
ROG Zephyrus G14 (2020),GA401IH-014T,AMD Ryzen 7 4800HS,8 (24),GeForce GTX 1650,4.0,32.4,22.2
ROG Zephyrus G14 (2020),GA401IH-BM016T,AMD Ryzen 5 4600HS,8 (24),GeForce GTX 1650,4.0,32.4,22.2
ROG Zephyrus G14 (2020),GA401IH-HE042TS,AMD Ryzen 5 4600HS,8 (24),GeForce GTX 1650,4.0,32.4,22.2
ROG Zephyrus G14 (2020),GA401IH-BM007,AMD Ryzen 7 4800HS,8 (24),GeForce GTX 1650,4.0,32.4,22.2
ROG Zephyrus G14 (2020),GA401IH-BM057T,AMD Ryzen 5 4600HS,8 (24),GeForce GTX 1650,4.0,32.4,22.2
ROG Zephyrus G14 (2020),GA401IH-HE004T,AMD Ryzen 7 4800HS,8 (24),GeForce GTX 1650,4.0,32.4,22.2
ROG Zephyrus G14 (2020),GA401I-HHE042T,AMD Ryzen 5 4600HS,8 (24),GeForce GTX 1650,4.0,32.4,22.2
ROG Zephyrus G14 (2020),GA401IH-HE065TS,AMD Ryzen 7 4800HS,8 (24),GeForce GTX 1650,4.0,32.4,22.2
ROG Zephyrus G14 (2020),GA401IH-HE068T,AMD Ryzen 5 4600HS,8 (24),GeForce GTX 1650,4.0,32.4,22.2
ROG Zephyrus G14 (2020),GA401IH-R7G1650W,AMD Ryzen 7 4800HS,8 (24),GeForce GTX 1650,4.0,32.4,22.2
ROG Zephyrus G14 (2020),GA401IH-R5G1650WS,AMD Ryzen 5 4600HS,8 (24),GeForce GTX 1650,4.0,32.4,22.2
ROG Zephyrus G14 (2020),GA401IH-HE068T,AMD Ryzen 5 4600HS,8 (24),GeForce GTX 1650,4.0,32.4,22.2
ROG Zephyrus G14 (2020),GA401IH-HE071T,AMD Ryzen 7 4800HS,8 (24),GeForce GTX 1650,4.0,32.4,22.2
ROG Zephyrus G14 (2020),GA401IH-HE071T,AMD Ryzen 7 4800HS,8 (24),GeForce GTX 1650,4.0,32.4,22.2
ROG Zephyrus G14 (2020),GA401IH-HE045R,AMD Ryzen 5 4600HS,8 (24),GeForce GTX 1650,4.0,32.4,22.2
ROG Zephyrus G14 (2020),GA401IH-BM016TS,AMD Ryzen 5 4600HS,8 (24),GeForce GTX 1650,4.0,32.4,22.2
ROG Zephyrus G14 (2020),GA401IH-HE003T,AMD Ryzen 7 4800HS,8 (24),GeForce GTX 1650,4.0,32.4,22.2
ROG Zephyrus G14 (2020),GA401IH-BM013T,AMD Ryzen 5 4600HS,8 (24),GeForce GTX 1650,4.0,32.4,22.2
ROG Zephyrus G14 (2020),GA401IH-HE022TS,AMD Ryzen 5 4600HS,8 (24),GeForce GTX 1650,4.0,32.4,22.2
ROG Zephyrus G14 (2020),GA401IH-HE022T,AMD Ryzen 5 4600HS,8 (24),GeForce GTX 1650,4.0,32.4,22.2
ROG Zephyrus G14 (2020),GA401I-HHE027T,AMD Ryzen 5 4600HS,8 (24),GeForce GTX 1650,4.0,32.4,22.2
ROG Zephyrus G14 (2020),GA401IH-BR7N2BL,AMD Ryzen 7 4800HS,8 (24),GeForce GTX 1650,4.0,32.4,22.2
ROG Zephyrus G14 (2020),GA401IH-HE052T,AMD Ryzen 5 4600HS,8 (24),GeForce GTX 1650,4.0,32.4,22.2
ROG Zephyrus G14 (2020),GA401IH-HE006T,AMD Ryzen 5 4600HS,8 (24),GeForce GTX 1650,4.0,32.4,22.2
ROG Zephyrus G14 (2020),GA401IH-HE064T,AMD Ryzen 7 4800HS,8 (24),GeForce GTX 1650,4.0,32.4,22.2
ROG Zephyrus G14 (2020),GA401IH-HE038,AMD Ryzen 5 4600HS,8 (24),GeForce GTX 1650,4.0,32.4,22.2
ROG Zephyrus G14 (2020),GA401IH-R5G1650GS,AMD Ryzen 5 4600HS,8 (24),GeForce GTX 1650,4.0,32.4,22.2
ROG Zephyrus G14 (2020),GA401IH-R7G1650G,AMD Ryzen 7 4800HS,8 (24),GeForce GTX 1650,4.0,32.4,22.2
ROG Zephyrus G14 (2020),GA401IH-R7G1650F,AMD Ryzen 7 4800HS,8 (24),GeForce GTX 1650,4.0,32.4,22.2
ROG Zephyrus G14 (2020),GA401IH-BM021,AMD Ryzen 7 4800HS,8 (24),GeForce GTX 1650,4.0,32.4,22.2
ROG Zephyrus G14 (2020),GA401IH-HE003T,AMD Ryzen 7 4800HS,8 (24),GeForce GTX 1650,4.0,32.4,22.2
ROG Zephyrus G14 (2020),GA401IH-HE006,AMD Ryzen 5 4600HS,8 (24),GeForce GTX 1650,4.0,32.4,22.2
ROG Zephyrus G14 (2020),GA401IH-HE069T,AMD Ryzen 5 4600HS,8 (24),GeForce GTX 1650,4.0,32.4,22.2
ROG Zephyrus G14 (2020),GA401IH-HE069,AMD Ryzen 5 4600HS,8 (24),GeForce GTX 1650,4.0,32.4,22.2
ROG Zephyrus G14 (2020),GA401IH-HE003T,AMD Ryzen 7 4800HS,8 (24),GeForce GTX 1650,4.0,32.4,22.2
ROG Zephyrus G14 (2020),GA401IH-HE038T,AMD Ryzen 5 4600HS,8 (24),GeForce GTX 1650,4.0,32.4,22.2
ROG Zephyrus G14 (2020),GA401I-HHE012T,AMD Ryzen 5 4600HS,8 (24),GeForce GTX 1650,4.0,32.4,22.2
ROG Zephyrus G14 (2020),GA401IH-BM013T,AMD Ryzen 5 4600HS,8 (24),GeForce GTX 1650,4.0,32.4,22.2
ROG Zephyrus G14 (2020),GA401IH-HE078R,AMD Ryzen 5 4600HS,8 (24),GeForce GTX 1650,4.0,32.4,22.2
ROG Zephyrus G14 (2020),GA401IH-HE003,AMD Ryzen 7 4800HS,8 (24),GeForce GTX 1650,4.0,32.4,22.2
ROG Zephyrus G14 (2020),GA401IH-HE012T,AMD Ryzen 5 4600HS,8 (24),GeForce GTX 1650,4.0,32.4,22.2
ROG Zephyrus G14 (2020),GA401IH-HE012TS,AMD Ryzen 5 4600HS,8 (24),GeForce GTX 1650,4.0,32.4,22.2
ROG Zephyrus G14 (2020),GA401IH-HE044T,AMD Ryzen 7 4800HS,8 (24),GeForce GTX 1650,4.0,32.4,22.2
ROG Zephyrus G14 (2020),GA401IH-HE012T,AMD Ryzen 5 4600HS,8 (24),GeForce GTX 1650,4.0,32.4,22.2
ROG Zephyrus G14 (2020),GA401IH-BM013TS,AMD Ryzen 5 4600HS,8 (24),GeForce GTX 1650,4.0,32.4,22.2
ROG Zephyrus G14 (2020),GA401I-HHE080T,AMD Ryzen 7 4800HS,8 (24),GeForce GTX 1650,4.0,32.4,22.2
ROG Zephyrus G14 (2020),GA401IH-HE062T,AMD Ryzen 7 4800HS,8 (24),GeForce GTX 1650,4.0,32.4,22.2
ROG Zephyrus G14 (2020),GA401IH-HE044T,AMD Ryzen 7 4800HS,8 (24),GeForce GTX 1650,4.0,32.4,22.2
